Workbook

Sheet Cover Page
B3: IPOTEKA BANK
B5: Cryptographic Cipher Suite Inventory Register
B7: PCI DSS v4.0 — Requirement 12.3.3 Compliance Document
C10: Document ID | D10: IPOTEKA-CRYPTO-INV-001
C11: Version | D11: 1.0
C12: Classification | D12: CONFIDENTIAL
C13: Effective Date | D13: January 15, 2026
C14: Next Review Due | D14: January 2027
C15: Owner | D15: IT Security Officer
C16: Approved By | D16: Technical Board
C17: Related Policy | D17: Network Security Policy & Standards v1.2
C18: Related Scope Doc | D18: PCI Scoping Document v1.1 (30 Dec 2025)
C19: PCI DSS Reference | D19: Requirement 12.3.3, 4.2.1
C23: DOCUMENT APPROVAL
C24: Role | D24: Name | E24: Signature | F24: Date
C25: Prepared By | D25: Gergely Giret (Consultant)
C26: Reviewed By | D26: IT Security Officer
C27: Approved By | D27: Technical Board

Sheet Cryptographic Inventory
A1: ID | B1: System / Component | C1: Hostname / IP | D1: Scope Category | E1: Component Type | F1: Protocol Version | G1: Cipher Suites Enabled | H1: Purpose / Business Justification | I1: CDE (Yes/No) | J1: Key Length | K1: Key Exchange | L1: Certificate Issuer | M1: Certificate Expiry | N1: HSTS Enabled | O1: PFS Enabled | P1: Compliance Status | Q1: Last Review Date | R1: Next Review Due | S1: Responsible Administrator | T1: Notes / Exceptions
A2: CIR-001 | B2: Tieto RTPS (Real-Time Processing) | C2: CDE Network (internal) | D2: CDE | E2: Transaction Processing | F2: TLS 1.2 | G2: TLS_ECDHE_RSA_WITH_AES_256_GCM_SHA384 TLS_ECDHE_RSA_WITH_AES_128_GCM_SHA256 | H2: Real-time card transaction authorization and processing; directly handles CHD/SAD | I2: Yes | J2: RSA-2048 / AES-256 | K2: ECDHE | L2: Internal CA (Ipoteka Root CA) | M2: 2026-09-30 | N2: N/A | O2: Yes | P2: Compliant | Q2: 2026-01-10 | R2: 2027-01-10 | S2: Infrastructure Services | T2: Core CDE system; processes PAN, SAD during authorization
A3: CIR-002 | B3: Tieto CMS (Card Management System) | C3: CDE Network (internal) | D3: CDE | E3: Card Management | F3: TLS 1.2 | G3: TLS_ECDHE_RSA_WITH_AES_256_GCM_SHA384 TLS_ECDHE_RSA_WITH_AES_128_GCM_SHA256 | H3: Card issuance, lifecycle management, PIN management; directly handles CHD | I3: Yes | J3: RSA-2048 / AES-256 | K3: ECDHE | L3: Internal CA (Ipoteka Root CA) | M3: 2026-09-30 | N3: N/A | O3: Yes | P3: Compliant | Q3: 2026-01-10 | R3: 2027-01-10 | S3: Infrastructure Services | T3: Handles PAN, EXD, CN; TLS 1.3 upgrade pending Tieto support
A4: CIR-003 | B4: Tieto Fraud Management | C4: CDE Network (internal) | D4: CDE | E4: Fraud Detection | F4: TLS 1.2 | G4: TLS_ECDHE_RSA_WITH_AES_256_GCM_SHA384 | H4: Monitors CHD transactions for fraud patterns; accesses transaction data | I4: Yes | J4: RSA-2048 / AES-256 | K4: ECDHE | L4: Internal CA (Ipoteka Root CA) | M4: 2026-09-30 | N4: N/A | O4: Yes | P4: Compliant | Q4: 2026-01-10 | R4: 2027-01-10 | S4: Infrastructure Services | T4: Read access to transaction data for fraud scoring
A5: CIR-004 | B5: Cardholder Notification System | C5: CDE Network (internal) | D5: CDE | E5: Notification Service | F5: TLS 1.2 | G5: TLS_ECDHE_RSA_WITH_AES_128_GCM_SHA256 | H5: Sends transaction notifications (SMS/push) to cardholders; processes masked PAN | I5: Yes | J5: RSA-2048 / AES-128 | K5: ECDHE | L5: Internal CA (Ipoteka Root CA) | M5: 2026-08-15 | N5: N/A | O5: Yes | P5: Compliant | Q5: 2026-01-10 | R5: 2027-01-10 | S5: Infrastructure Services | T5: Receives masked PAN from RTPS for notification routing
A6: CIR-005 | B6: POS Terminals (Branch Offices) | C6: Branch locations (multiple sites) | D6: CDE | E6: POS Terminal | F6: TLS 1.2 | G6: TLS_ECDHE_RSA_WITH_AES_128_GCM_SHA256 | H6: Cash-advance and PIN setting services at branch offices; processes PAN, SAD, PIN | I6: Yes | J6: RSA-2048 / AES-128 | K6: ECDHE | L6: Payment Processor CA | M6: 2027-01-31 | N6: N/A | O6: Yes | P6: Compliant | Q6: 2026-01-10 | R6: 2027-01-10 | S6: POS Support / Infrastructure Services | T6: TLS 1.3 upgrade dependent on terminal firmware; Exception EXC-002
A7: CIR-006 | B7: ASBT (Core Banking System) | C7: CDE Network (internal) | D7: CDE | E7: Core Banking | F7: TLS 1.2 | G7: TLS_ECDHE_RSA_WITH_AES_256_GCM_SHA384 TLS_ECDHE_RSA_WITH_AES_128_GCM_SHA256 | H7: Core banking platform integrated with CDE; facilitates account data exchange with CHD systems | I7: Yes | J7: RSA-2048 / AES-256 | K7: ECDHE | L7: Internal CA (Ipoteka Root CA) | M7: 2026-11-30 | N7: N/A | O7: Yes | P7: Compliant | Q7: 2026-01-10 | R7: 2027-01-10 | S7: Infrastructure Services | T7: Exchanges account/PAN data with Tieto RTPS and CMS
A8: CIR-007 | B8: BSS (Mobile / Internet Banking) | C8: DMZ / Internal | D8: Connected-to | E8: Online Banking | F8: TLS 1.3 / TLS 1.2 | G8: TLS_AES_256_GCM_SHA384 TLS_ECDHE_RSA_WITH_AES_256_GCM_SHA384 TLS_ECDHE_RSA_WITH_AES_128_GCM_SHA256 | H8: Mobile and internet banking platform; connected to core banking and CHD systems for customer access | I8: Yes | J8: ECDSA-256 / AES-256 | K8: ECDHE (P-256) | L8: DigiCert Global G2 | M8: 2026-10-15 | N8: Yes | O8: Yes | P8: Compliant | Q8: 2026-01-10 | R8: 2027-01-10 | S8: Infrastructure Services | T8: Customer-facing; TLS 1.3 for external, TLS 1.2 for internal backend connections
A9: CIR-008 | B9: Finshape | C9: DMZ / Internal | D9: Connected-to | E9: Digital Banking Platform | F9: TLS 1.2 | G9: TLS_ECDHE_RSA_WITH_AES_256_GCM_SHA384 TLS_ECDHE_RSA_WITH_AES_128_GCM_SHA256 | H9: Digital banking platform connected to core banking and CHD systems; customer access channel | I9: Yes | J9: RSA-2048 / AES-256 | K9: ECDHE | L9: DigiCert Global G2 | M9: 2026-12-01 | N9: Yes | O9: Yes | P9: Compliant | Q9: 2026-01-10 | R9: 2027-01-10 | S9: Infrastructure Services | T9: Connected-to CDE; scoped per PCI DSS connectivity
A10: CIR-009 | B10: OFB Bank — Tieto RTPS Connection | C10: External (OFB Bank) | D10: Third-Party | E10: External Processing Link | F10: TLS 1.2 | G10: TLS_ECDHE_RSA_WITH_AES_256_GCM_SHA384 | H10: Connection to OFB Bank (principal member) RTPS for Mastercard/VISA/UPI transaction routing | I10: Yes | J10: RSA-2048 / AES-256 | K10: ECDHE | L10: OFB Bank CA / DigiCert | M10: 2026-08-30 | N10: N/A | O10: Yes | P10: Compliant | Q10: 2026-01-10 | R10: 2027-01-10 | S10: Infrastructure Services | T10: OFB is principal member; Ipoteka is affiliate. Encrypted leased line + TLS
A11: CIR-010 | B11: OFB Bank — Clearing System Connection | C11: External (OFB Bank) | D11: Third-Party | E11: Clearing Interface | F11: TLS 1.2 | G11: TLS_ECDHE_RSA_WITH_AES_256_GCM_SHA384 | H11: Settlement and clearing file exchange with OFB Bank for Mastercard/VISA/UPI transactions | I11: Yes | J11: RSA-2048 / AES-256 | K11: ECDHE | L11: OFB Bank CA / DigiCert | M11: 2026-08-30 | N11: N/A | O11: Yes | P11: Compliant | Q11: 2026-01-10 | R11: 2027-01-10 | S11: Infrastructure Services | T11: Clearing data contains PAN; encrypted transport mandatory
A12: CIR-011 | B12: OFB Bank — ACS (Access Control Server) | C12: External (OFB Bank) | D12: Third-Party | E12: 3DS Authentication | F12: TLS 1.2 | G12: TLS_ECDHE_RSA_WITH_AES_256_GCM_SHA384 | H12: 3D Secure authentication server at OFB Bank; processes CHD during cardholder authentication | I12: Yes | J12: RSA-2048 / AES-256 | K12: ECDHE | L12: OFB Bank CA / DigiCert | M12: 2026-08-30 | N12: N/A | O12: Yes | P12: Compliant | Q12: 2026-01-10 | R12: 2027-01-10 | S12: Infrastructure Services | T12: Processes CHD for 3DS authentication flow
... A22: CIR-021 | B22: FortiGate Firewall (IPSec VPN) | C22: FortiGate (branch offices & DC perimeter) | D22: Connected-to | E22: Firewall / VPN Gateway | F22: IPSec/IKEv2 | G22: AES-256-CBC + SHA-256 AES-256-GCM (IKEv2 Phase 2) | H22: Site-to-site VPN tunnels for branch-to-DC and DC-to-DC replication; protects data in transit over untrusted WAN. Enforces CDE network segmentation. | I22: No | J22: AES-256 / DH Group 14 (2048-bit) | K22: IKEv2 / DHE (Group 14+) | L22: Internal CA (Ipoteka Root CA) | M22: Per annual rotation | N22: N/A | O22: Yes | P22: Compliant | Q22: 2026-03-03 | R22: 2027-03-03 | S22: Network Admin Team | T22: Added 2026-03-03 — Gergely Giret. Aligned with Network_Protocol_Policy_appendix_v1.1; 3DES removed, AES-256-CBC+SHA-256 (IKEv2) enforced per CIR Prohibited Protocols & Ciphers sheet.

Sheet PCI Scope Mapping
B2: PCI DSS Scope Mapping — Systems vs. Inventory Coverage
B3: Cross-reference: PCI Scoping Document v1.1 ↔ Cryptographic Inventory Register
B5: Scoping Doc Reference | C5: System Name | D5: Scope Category | E5: CIR ID | F5: Crypto Coverage | G5: Data Types Handled | H5: Notes
B6: Section 4 — CDE | C6: Tieto RTPS | D6: CDE | E6: CIR-001 | F6: ✓ Covered | G6: PAN, SAD, CVC, PIN | H6: Real-time transaction processing
B7: Section 4 — CDE | C7: Tieto CMS | D7: CDE | E7: CIR-002 | F7: ✓ Covered | G7: PAN, EXD, CN | H7: Card management and issuance
B8: Section 4 — CDE | C8: Tieto Fraud Management | D8: CDE | E8: CIR-003 | F8: ✓ Covered | G8: PAN, transaction data | H8: Fraud monitoring on CHD transactions
B9: Section 4 — CDE | C9: Cardholder Notification System | D9: CDE | E9: CIR-004 | F9: ✓ Covered | G9: Masked PAN | H9: SMS/Push notifications
B10: Section 4 — CDE | C10: POS Terminals (Branch) | D10: CDE | E10: CIR-005 | F10: ✓ Covered | G10: PAN, SAD, PIN | H10: Cash-advance and PIN setting
B11: Section 4 — CDE | C11: ASBT (Core Banking) | D11: CDE | E11: CIR-006 | F11: ✓ Covered | G11: PAN, account data | H11: Integrated with CDE for data exchange
B12: Section 4 — Connected | C12: BSS (Mobile/Internet Banking) | D12: Connected-to | E12: CIR-007 | F12: ✓ Covered | G12: PAN (via backend) | H12: Customer-facing digital channel
B13: Section 4 — Connected | C13: Finshape | D13: Connected-to | E13: CIR-008 | F13: ✓ Covered | G13: PAN (via backend) | H13: Digital banking platform
B14: Section 4 — Third-Party | C14: OFB Bank — Tieto RTPS | D14: Third-Party | E14: CIR-009 | F14: ✓ Covered | G14: PAN, SAD | H14: Principal member connection
B15: Section 4 — Third-Party | C15: OFB Bank — Clearing | D15: Third-Party | E15: CIR-010 | F15: ✓ Covered | G15: PAN, clearing data | H15: Settlement file exchange
B16: Section 4 — Third-Party | C16: OFB Bank — ACS | D16: Third-Party | E16: CIR-011 | F16: ✓ Covered | G16: CHD (3DS auth) | H16: 3D Secure authentication
... B26: Section 4 — Connected | C26: FortiGate Firewall (IPSec VPN) | D26: Connected-to | E26: CIR-021 | F26: ✓ Covered | G26: N/A (network infrastructure) | H26: Branch/DC site-to-site VPN; added 2026-03-03
B29: LEGEND:
B30: CDE | C30: Systems that directly process, store, or transmit CHD/SAD
B31: Connected-to | C31: Systems connected to CDE but not directly handling CHD
B32: Third-Party | C32: External service provider systems with CDE connectivity

Sheet Summary Dashboard
B2: Cryptographic Inventory — Summary Dashboard
B3: Generated: February 12, 2026
B5: KEY METRICS
B6: Total Inventory Items | E6: =COUNTA('Cryptographic Inventory'!A2:A200) -> 21
B7: CDE Systems | E7: =COUNTIF('Cryptographic Inventory'!D2:D200,"CDE") -> 6
B8: Connected-to Systems | E8: =COUNTIF('Cryptographic Inventory'!D2:D200,"Connected-to") -> 8
B9: Third-Party Connections | E9: =COUNTIF('Cryptographic Inventory'!D2:D200,"Third-Party") -> 7
B10: CDE-flagged Items (Yes) | E10: =COUNTIF('Cryptographic Inventory'!I2:I200,"Yes") -> 15
B11: Compliant Items | E11: =COUNTIF('Cryptographic Inventory'!P2:P200,"Compliant") -> 21
B12: Non-Compliant Items | E12: =COUNTIF('Cryptographic Inventory'!P2:P200,"Non-Compliant") -> 0
B13: Exception Items | E13: =COUNTIF('Cryptographic Inventory'!P2:P200,"Exception") -> 0
B14: Using TLS 1.3 (any) | E14: =COUNTIF('Cryptographic Inventory'!F2:F200,"*TLS 1.3*") -> 2
B15: Using TLS 1.2 Only | E15: =COUNTIF('Cryptographic Inventory'!F2:F200,"TLS 1.2") -> 15
B16: Certificates Expiring ≤90 Days | E16: =COUNTIFS('Cryptographic Inventory'!M2:M200,">="&TODAY(),'Cryptographic Inventory'!M2:M200,"<="&TODAY()+90) -> 0
B19: BREAKDOWN BY COMPONENT TYPE
B20: Component Type | C20: Count | D20: CDE-flagged
B21: Transaction Processing | C21: =COUNTIF('Cryptographic Inventory'!E2:E200,"Transaction Processing") -> 1 | D21: =COUNTIFS('Cryptographic Inventory'!E2:E200,"Transaction Processing",'Cryptographic Inventory'!I2:I200,"Yes") -> 1
B22: Card Management | C22: =COUNTIF('Cryptographic Inventory'!E2:E200,"Card Management") -> 1 | D22: =COUNTIFS('Cryptographic Inventory'!E2:E200,"Card Management",'Cryptographic Inventory'!I2:I200,"Yes") -> 1
B23: Fraud Detection | C23: =COUNTIF('Cryptographic Inventory'!E2:E200,"Fraud Detection") -> 1 | D23: =COUNTIFS('Cryptographic Inventory'!E2:E200,"Fraud Detection",'Cryptographic Inventory'!I2:I200,"Yes") -> 1
B24: Notification Service | C24: =COUNTIF('Cryptographic Inventory'!E2:E200,"Notification Service") -> 1 | D24: =COUNTIFS('Cryptographic Inventory'!E2:E200,"Notification Service",'Cryptographic Inventory'!I2:I200,"Yes") -> 1
B25: POS Terminal | C25: =COUNTIF('Cryptographic Inventory'!E2:E200,"POS Terminal") -> 1 | D25: =COUNTIFS('Cryptographic Inventory'!E2:E200,"POS Terminal",'Cryptographic Inventory'!I2:I200,"Yes") -> 1
B26: Core Banking | C26: =COUNTIF('Cryptographic Inventory'!E2:E200,"Core Banking") -> 1 | D26: =COUNTIFS('Cryptographic Inventory'!E2:E200,"Core Banking",'Cryptographic Inventory'!I2:I200,"Yes") -> 1
B27: Online Banking | C27: =COUNTIF('Cryptographic Inventory'!E2:E200,"Online Banking") -> 1 | D27: =COUNTIFS('Cryptographic Inventory'!E2:E200,"Online Banking",'Cryptographic Inventory'!I2:I200,"Yes") -> 1
B28: Digital Banking Platform | C28: =COUNTIF('Cryptographic Inventory'!E2:E200,"Digital Banking Platform") -> 1 | D28: =COUNTIFS('Cryptographic Inventory'!E2:E200,"Digital Banking Platform",'Cryptographic Inventory'!I2:I200,"Yes") -> 1
B29: External Processing Link | C29: =COUNTIF('Cryptographic Inventory'!E2:E200,"External Processing Link") -> 1 | D29: =COUNTIFS('Cryptographic Inventory'!E2:E200,"External Processing Link",'Cryptographic Inventory'!I2:I200,"Yes") -> 1
B30: Clearing Interface | C30: =COUNTIF('Cryptographic Inventory'!E2:E200,"Clearing Interface") -> 1 | D30: =COUNTIFS('Cryptographic Inventory'!E2:E200,"Clearing Interface",'Cryptographic Inventory'!I2:I200,"Yes") -> 1
B31: 3DS Authentication | C31: =COUNTIF('Cryptographic Inventory'!E2:E200,"3DS Authentication") -> 1 | D31: =COUNTIFS('Cryptographic Inventory'!E2:E200,"3DS Authentication",'Cryptographic Inventory'!I2:I200,"Yes") -> 1
B32: Card Scheme Interface | C32: =COUNTIF('Cryptographic Inventory'!E2:E200,"Card Scheme Interface") -> 3 | D32: =COUNTIFS('Cryptographic Inventory'!E2:E200,"Card Scheme Interface",'Cryptographic Inventory'!I2:I200,"Yes") -> 3
B33: Terminal Management | C33: =COUNTIF('Cryptographic Inventory'!E2:E200,"Terminal Management") -> 1 | D33: =COUNTIFS('Cryptographic Inventory'!E2:E200,"Terminal Management",'Cryptographic Inventory'!I2:I200,"Yes") -> 1
B34: Firewall / Network Segmentation | C34: =COUNTIF('Cryptographic Inventory'!E2:E200,"Firewall / Network Segmentation") -> 1 | D34: =COUNTIFS('Cryptographic Inventory'!E2:E200,"Firewall / Network Segmentation",'Cryptographic Inventory'!I2:I200,"Yes") -> 0
B35: Authentication / Directory | C35: =COUNTIF('Cryptographic Inventory'!E2:E200,"Authentication / Directory") -> 1 | D35: =COUNTIFS('Cryptographic Inventory'!E2:E200,"Authentication / Directory",'Cryptographic Inventory'!I2:I200,"Yes") -> 0
B36: Log Management / SIEM | C36: =COUNTIF('Cryptographic Inventory'!E2:E200,"Log Management / SIEM") -> 1 | D36: =COUNTIFS('Cryptographic Inventory'!E2:E200,"Log Management / SIEM",'Cryptographic Inventory'!I2:I200,"Yes") -> 0
B37: Backup Infrastructure | C37: =COUNTIF('Cryptographic Inventory'!E2:E200,"Backup Infrastructure") -> 1 | D37: =COUNTIFS('Cryptographic Inventory'!E2:E200,"Backup Infrastructure",'Cryptographic Inventory'!I2:I200,"Yes") -> 0
B38: Workstation | C38: =COUNTIF('Cryptographic Inventory'!E2:E200,"Workstation") -> 1 | D38: =COUNTIFS('Cryptographic Inventory'!E2:E200,"Workstation",'Cryptographic Inventory'!I2:I200,"Yes") -> 0
B40: Note: All values auto-calculate from the Cryptographic Inventory sheet.

Sheet Prohibited Protocols & Ciphers
B2: Prohibited Protocols and Cipher Suites
B3: Per Network Security Policy v1.2, Section 6.6.1 & 6.6.3
B5: PROHIBITED PROTOCOLS
B6: Protocol | C6: Reason for Prohibition | D6: CVE / Reference | E6: Status
B7: SSL 2.0 | C7: Fundamentally broken protocol | D7: CVE-2016-0800 (DROWN) | E7: MUST be disabled
B8: SSL 3.0 | C8: POODLE vulnerability | D8: CVE-2014-3566 | E8: MUST be disabled
B9: TLS 1.0 | C9: Deprecated by PCI DSS; known weaknesses | D9: PCI DSS v4.0 | E9: MUST be disabled
B10: TLS 1.1 | C10: Deprecated by PCI DSS; weak cipher support | D10: PCI DSS v4.0 / RFC 8996 | E10: MUST be disabled
B13: PROHIBITED CIPHER SUITE CATEGORIES
B14: Category | C14: Pattern / Examples | D14: Reason
B15: NULL encryption | C15: *_NULL_* | D15: No encryption — data in plaintext
B16: DES / 3DES / RC4 | C16: DES-CBC, 3DES, RC4-* | D16: Weak/broken algorithms
B17: MD5 authentication | C17: *_MD5 | D17: MD5 collision vulnerabilities
B18: Anonymous key exchange | C18: *_anon_*, *_aNULL_* | D18: No authentication — MitM risk
B19: Export-grade ciphers | C19: *_EXPORT_* | D19: Intentionally weakened (40/56-bit)
B20: Non-PFS ciphers | C20: RSA key exchange (non-ECDHE/DHE) | D20: No forward secrecy

Sheet Review & Change Log
B2: Cryptographic Inventory — Review & Change Log
B4: Date | C4: Reviewer | D4: Type of Review | E4: Changes Made | F4: Systems Affected | G4: Approved By | H4: Next Action
B5: 2026-01-10 | C5: IT Security Officer | D5: Annual Review (Full) | E5: Initial inventory created; 20 systems documented per PCI Scoping v1.1 | F5: All CIR-001 through CIR-020 | G5: Technical Board | H5: Quarterly review — April 2026
B6: 2026-03-03 | C6: Gergely Giret (PCI Consultant) | D6: Gap Remediation | E6: Added CIR-021 (FortiGate IPSec VPN); aligned with Network_Protocol_Policy_appendix_v1.1 — 3DES removed, AES-256-CBC+SHA-256 (IKEv2) enforced | F6: CIR-021 (new) | G6: Pending — Network Admin Team | H6: Confirm FortiGate IKEv2/AES-256 config via firewall audit; verify no 3DES phase remains active
B12: SCHEDULED REVIEWS
B13: Review Type | C13: Frequency | D13: Next Due Date | E13: Responsible
B14: Annual Comprehensive Review | C14: Every 12 months | D14: January 2027 | E14: IT Security Officer
B15: Quarterly Monitoring Review | C15: Every 3 months | D15: April 2026 | E15: IT Security Officer
B16: Vulnerability-Triggered Review | C16: As needed (within 24h) | D16: N/A | E16: IT Security Officer
B17: Configuration Change Review | C17: Per change | D17: N/A | E17: Network Admin Team

Sheet Exception Register
B2: Cryptographic Standard — Exception Register
B4: Exception ID | C4: System (CIR Ref) | D4: Standard Deviation | E4: Business Justification | F4: Risk Assessment | G4: Compensating Controls | H4: Expiry Date | I4: Approved By
B5: EXC-001 | C5: CIR-005 (POS Terminals) | D5: TLS 1.2 instead of TLS 1.3 | E5: Terminal firmware does not yet support TLS 1.3; firmware upgrade scheduled for Q3 2026 | F5: Low — TLS 1.2 with approved GCM cipher suites is still PCI DSS compliant; PFS enabled | G5: Only approved GCM cipher suites enabled; firmware upgrade plan in place; quarterly review of terminal crypto config | H5: 2026-09-30 | I5: Technical Board — 2026-01-10
B6: EXC-002 | C6: CIR-001, CIR-002, CIR-003 (Tieto RTPS/CMS/Fraud) | D6: TLS 1.2 instead of TLS 1.3 | E6: Tieto platform does not yet support TLS 1.3; vendor roadmap indicates Q4 2026 availability | F6: Low — TLS 1.2 with ECDHE+AES-256-GCM is compliant; PFS enforced; no weak ciphers | G6: Vendor upgrade tracking; only approved cipher suites; regular vulnerability scanning | H6: 2027-01-31 | I6: Technical Board — 2026-01-10
B7: EXC-003 | C7: CIR-012, CIR-013, CIR-014 (MC/VISA/UPI 3DS) | D7: Cipher suites dictated by card scheme | E7: Mastercard, VISA, and UPI specify their own TLS configuration requirements | F7: Low — Card scheme specifications meet or exceed PCI DSS minimum requirements | G7: Compliance verified through card scheme security audits; configurations not modifiable by Ipoteka Bank | H7: Permanent (scheme requirement) | I7: Technical Board — 2026-01-10
